steps,ip,throughput
1,82.115.108.68,1.940736037
2,82.115.108.68,2.305859424
3,82.115.108.68,2.234971512
4,82.115.108.68,2.035406088
5,82.115.108.68,2.041524032
